{
  "formatVersion": 1,
  "database": {
    "version": 16,
    "identityHash": "eed8fd2b3e64f346b9a9158349d98686",
    "entities": [
      {
        "tableName": "em_users",
        "createSql": "CREATE TABLE IF NOT EXISTS `${TABLE_NAME}` (`username` TEXT NOT NULL, `nickname` TEXT, `initialLetter` TEXT, `avatar` TEXT, `contact` INTEGER NOT NULL, `modifyNicknameTimestamp` INTEGER NOT NULL, `modifyInitialLetterTimestamp` INTEGER NOT NULL, PRIMARY KEY(`username`))",
        "fields": [
          {
            "fieldPath": "username",
            "columnName": "username",
            "affinity": "TEXT",
            "notNull": true
          },
          {
            "fieldPath": "nickname",
            "columnName": "nickname",
            "affinity": "TEXT",
            "notNull": false
          },
          {
            "fieldPath": "initialLetter",
            "columnName": "initialLetter",
            "affinity": "TEXT",
            "notNull": false
          },
          {
            "fieldPath": "avatar",
            "columnName": "avatar",
            "affinity": "TEXT",
            "notNull": false
          },
          {
            "fieldPath": "contact",
            "columnName": "contact",
            "affinity": "INTEGER",
            "notNull": true
          },
          {
            "fieldPath": "modifyNicknameTimestamp",
            "columnName": "modifyNicknameTimestamp",
            "affinity": "INTEGER",
            "notNull": true
          },
          {
            "fieldPath": "modifyInitialLetterTimestamp",
            "columnName": "modifyInitialLetterTimestamp",
            "affinity": "INTEGER",
            "notNull": true
          }
        ],
        "primaryKey": {
          "columnNames": [
            "username"
          ],
          "autoGenerate": false
        },
        "indices": [
          {
            "name": "index_em_users_username",
            "unique": true,
            "columnNames": [
              "username"
            ],
            "createSql": "CREATE UNIQUE INDEX IF NOT EXISTS `index_em_users_username` ON `${TABLE_NAME}` (`username`)"
          }
        ],
        "foreignKeys": []
      },
      {
        "tableName": "em_invite_message",
        "createSql": "CREATE TABLE IF NOT EXISTS `${TABLE_NAME}` (`id` INTEGER NOT NULL, `from` TEXT, `time` INTEGER NOT NULL, `reason` TEXT, `type` TEXT, `status` TEXT, `groupId` TEXT, `groupName` TEXT, `groupInviter` TEXT, `isUnread` INTEGER NOT NULL, PRIMARY KEY(`time`))",
        "fields": [
          {
            "fieldPath": "id",
            "columnName": "id",
            "affinity": "INTEGER",
            "notNull": true
          },
          {
            "fieldPath": "from",
            "columnName": "from",
            "affinity": "TEXT",
            "notNull": false
          },
          {
            "fieldPath": "time",
            "columnName": "time",
            "affinity": "INTEGER",
            "notNull": true
          },
          {
            "fieldPath": "reason",
            "columnName": "reason",
            "affinity": "TEXT",
            "notNull": false
          },
          {
            "fieldPath": "type",
            "columnName": "type",
            "affinity": "TEXT",
            "notNull": false
          },
          {
            "fieldPath": "status",
            "columnName": "status",
            "affinity": "TEXT",
            "notNull": false
          },
          {
            "fieldPath": "groupId",
            "columnName": "groupId",
            "affinity": "TEXT",
            "notNull": false
          },
          {
            "fieldPath": "groupName",
            "columnName": "groupName",
            "affinity": "TEXT",
            "notNull": false
          },
          {
            "fieldPath": "groupInviter",
            "columnName": "groupInviter",
            "affinity": "TEXT",
            "notNull": false
          },
          {
            "fieldPath": "isUnread",
            "columnName": "isUnread",
            "affinity": "INTEGER",
            "notNull": true
          }
        ],
        "primaryKey": {
          "columnNames": [
            "time"
          ],
          "autoGenerate": false
        },
        "indices": [],
        "foreignKeys": []
      },
      {
        "tableName": "em_msg_type",
        "createSql": "CREATE TABLE IF NOT EXISTS `${TABLE_NAME}` (`id` INTEGER NOT NULL, `type` TEXT, `extField` TEXT, PRIMARY KEY(`id`))",
        "fields": [
          {
            "fieldPath": "id",
            "columnName": "id",
            "affinity": "INTEGER",
            "notNull": true
          },
          {
            "fieldPath": "type",
            "columnName": "type",
            "affinity": "TEXT",
            "notNull": false
          },
          {
            "fieldPath": "extField",
            "columnName": "extField",
            "affinity": "TEXT",
            "notNull": false
          }
        ],
        "primaryKey": {
          "columnNames": [
            "id"
          ],
          "autoGenerate": false
        },
        "indices": [
          {
            "name": "index_em_msg_type_type",
            "unique": true,
            "columnNames": [
              "type"
            ],
            "createSql": "CREATE UNIQUE INDEX IF NOT EXISTS `index_em_msg_type_type` ON `${TABLE_NAME}` (`type`)"
          }
        ],
        "foreignKeys": []
      },
      {
        "tableName": "app_key",
        "createSql": "CREATE TABLE IF NOT EXISTS `${TABLE_NAME}` (`appKey` TEXT NOT NULL, `timestamp` REAL NOT NULL, PRIMARY KEY(`appKey`))",
        "fields": [
          {
            "fieldPath": "appKey",
            "columnName": "appKey",
            "affinity": "TEXT",
            "notNull": true
          },
          {
            "fieldPath": "timestamp",
            "columnName": "timestamp",
            "affinity": "REAL",
            "notNull": true
          }
        ],
        "primaryKey": {
          "columnNames": [
            "appKey"
          ],
          "autoGenerate": false
        },
        "indices": [],
        "foreignKeys": []
      }
    ],
    "views": [],
    "setupQueries": [
      "CREATE TABLE IF NOT EXISTS room_master_table (id INTEGER PRIMARY KEY,identity_hash TEXT)",
      "INSERT OR REPLACE INTO room_master_table (id,identity_hash) VALUES(42, 'eed8fd2b3e64f346b9a9158349d98686')"
    ]
  }
}