{
  "rtc": {
    "candidate_map": [
      {
        "src": {
          "ip": "8.210.13.141",
          "desc": "hk coturn external",
          "min_port": "20000",
          "max_port": "30000"
        },
        "dst": {
          "ip": "192.168.0.14",
          "desc": "hk coturn internal",
          "min_port": "20000",
          "max_port": "30000"
        }
      },
      {
        "src": {
          "ip": "8.210.24.138",
          "desc": "hk coturn external",
          "min_port": "20000",
          "max_port": "30000"
        },
        "dst": {
          "ip": "192.168.0.13",
          "desc": "hk coturn internal",
          "min_port": "20000",
          "max_port": "30000"
        }
      }
    ]
  },
  "location": "LBJ"
}